-- phpMyAdmin SQL Dump
-- version 5.0.4
-- https://www.phpmyadmin.net/
--
-- Host: 127.0.0.1
-- Tempo de geração: 11-Out-2021 às 03:11
-- Versão do servidor: 10.4.17-MariaDB
-- versão do PHP: 7.4.14

SET SQL_MODE = "NO_AUTO_VALUE_ON_ZERO";
START TRANSACTION;
SET time_zone = "+00:00";


/*!40101 SET @OLD_CHARACTER_SET_CLIENT=@@CHARACTER_SET_CLIENT */;
/*!40101 SET @OLD_CHARACTER_SET_RESULTS=@@CHARACTER_SET_RESULTS */;
/*!40101 SET @OLD_COLLATION_CONNECTION=@@COLLATION_CONNECTION */;
/*!40101 SET NAMES utf8mb4 */;

--
-- Banco de dados: `db_autocenter`
--

-- --------------------------------------------------------

--
-- Estrutura da tabela `acessos`
--

CREATE TABLE `acessos` (
  `id` int(11) NOT NULL,
  `nivel` varchar(45) DEFAULT NULL
) ENGINE=InnoDB DEFAULT CHARSET=utf8mb4;

--
-- Extraindo dados da tabela `acessos`
--

INSERT INTO `acessos` (`id`, `nivel`) VALUES
(1, 'admin'),
(2, 'Assitente'),
(3, 'Coordenador'),
(4, 'Auxiliar');

-- --------------------------------------------------------

--
-- Estrutura da tabela `cargos`
--

CREATE TABLE `cargos` (
  `id` int(11) NOT NULL,
  `descricao` varchar(45) DEFAULT NULL
) ENGINE=InnoDB DEFAULT CHARSET=utf8mb4;

--
-- Extraindo dados da tabela `cargos`
--

INSERT INTO `cargos` (`id`, `descricao`) VALUES
(1, 'Asssistente de Logística'),
(2, NULL),
(3, NULL),
(4, 'Supervisor de Operações Logísticas Interior'),
(5, 'Encarregada de Expedição'),
(6, 'Assistente da qualidade'),
(7, 'Auxiliar de Logística'),
(8, 'Diretora'),
(9, 'Assistente Financeiro'),
(10, 'Coordenadora de RH');

-- --------------------------------------------------------

--
-- Estrutura da tabela `categorias`
--

CREATE TABLE `categorias` (
  `id` int(11) NOT NULL,
  `nome` varchar(100) NOT NULL,
  `foto` varchar(225) DEFAULT NULL
) ENGINE=InnoDB DEFAULT CHARSET=utf8mb4;

--
-- Extraindo dados da tabela `categorias`
--

INSERT INTO `categorias` (`id`, `nome`, `foto`) VALUES
(53, 'Pastilha de freio', './imgs/01-3.jpg'),
(54, 'enes', './imgs/03-2.jpg'),
(55, 'Renalt', './imgs/02-3.jpg');

-- --------------------------------------------------------

--
-- Estrutura da tabela `clientes`
--

CREATE TABLE `clientes` (
  `id` int(11) NOT NULL,
  `data` timestamp NULL DEFAULT current_timestamp(),
  `nome` varchar(100) DEFAULT NULL,
  `telefone` varchar(45) DEFAULT NULL,
  `email` varchar(45) DEFAULT NULL,
  `cep` varchar(45) DEFAULT NULL,
  `localidade` varchar(45) DEFAULT NULL,
  `logradouro` varchar(45) DEFAULT NULL,
  `numero` varchar(45) DEFAULT NULL,
  `bairro` varchar(45) DEFAULT NULL,
  `complemento` varchar(45) DEFAULT NULL,
  `uf` varchar(45) DEFAULT NULL
) ENGINE=InnoDB DEFAULT CHARSET=utf8mb4;

--
-- Extraindo dados da tabela `clientes`
--

INSERT INTO `clientes` (`id`, `data`, `nome`, `telefone`, `email`, `cep`, `localidade`, `logradouro`, `numero`, `bairro`, `complemento`, `uf`) VALUES
(15, '2021-09-12 15:30:02', 'Eneylton Barros', '(98) 99158-1962', 'eneylton@hotmail.com', '65054-530', 'São Luís', 'Rua 03', '12', 'Cohtrac IV', 'Proximo a praça verão', 'MA'),
(16, '2021-09-12 15:31:47', 'Livia Jansen', '(98) 99158-1962', 'eneylton@hotmail.com', '65054530', 'São luis', 'Rua Três', '12', 'Cohatrac IV', 'Proximo a praça verão', 'Maranhão');

-- --------------------------------------------------------

--
-- Estrutura da tabela `forma_pagamento`
--

CREATE TABLE `forma_pagamento` (
  `id` int(11) NOT NULL,
  `nome` varchar(45) DEFAULT NULL
) ENGINE=InnoDB DEFAULT CHARSET=utf8mb4;

--
-- Extraindo dados da tabela `forma_pagamento`
--

INSERT INTO `forma_pagamento` (`id`, `nome`) VALUES
(2, 'Dinheiro'),
(3, 'Cartão de Crédito'),
(4, 'Crtão de débito'),
(5, 'Pix');

-- --------------------------------------------------------

--
-- Estrutura da tabela `mov_cat`
--

CREATE TABLE `mov_cat` (
  `id` int(11) NOT NULL,
  `nome` varchar(45) DEFAULT NULL
) ENGINE=InnoDB DEFAULT CHARSET=utf8mb4;

--
-- Extraindo dados da tabela `mov_cat`
--

INSERT INTO `mov_cat` (`id`, `nome`) VALUES
(1, 'Venda de produtos'),
(2, 'Alimentação');

-- --------------------------------------------------------

--
-- Estrutura da tabela `produtos`
--

CREATE TABLE `produtos` (
  `id` int(10) NOT NULL,
  `data` timestamp NULL DEFAULT current_timestamp(),
  `codigo` int(10) NOT NULL,
  `barra` varchar(50) NOT NULL,
  `nome` varchar(255) NOT NULL,
  `qtd` int(10) NOT NULL,
  `estoque` int(11) DEFAULT NULL,
  `valor_compra` decimal(10,2) NOT NULL,
  `valor_venda` decimal(10,2) NOT NULL,
  `status` int(11) NOT NULL,
  `foto` varchar(255) NOT NULL,
  `aplicacao` varchar(225) DEFAULT NULL,
  `categorias_id` int(11) NOT NULL,
  `usuarios_id` int(11) NOT NULL
) ENGINE=InnoDB DEFAULT CHARSET=utf8;

--
-- Extraindo dados da tabela `produtos`
--

INSERT INTO `produtos` (`id`, `data`, `codigo`, `barra`, `nome`, `qtd`, `estoque`, `valor_compra`, `valor_venda`, `status`, `foto`, `aplicacao`, `categorias_id`, `usuarios_id`) VALUES
(13, '2021-10-11 01:05:00', 210171, '7896541125632', 'CARRO RENAULT CLIO', 0, 21, '70.00', '10.50', 0, './imgs/01-11.jpg', 'CLIO 2.0', 53, 4),
(14, '2021-10-11 01:05:00', 106026, '7896541125637', 'SWT -090889', 0, 21, '35.00', '30.00', 0, './imgs/03-9.jpg', 'TRESTE ', 53, 4);

-- --------------------------------------------------------

--
-- Estrutura da tabela `tipo`
--

CREATE TABLE `tipo` (
  `id` int(11) NOT NULL,
  `nome` varchar(45) DEFAULT NULL
) ENGINE=InnoDB DEFAULT CHARSET=utf8mb4;

--
-- Extraindo dados da tabela `tipo`
--

INSERT INTO `tipo` (`id`, `nome`) VALUES
(1, 'Venda'),
(2, 'Orçamento');

-- --------------------------------------------------------

--
-- Estrutura da tabela `usuarios`
--

CREATE TABLE `usuarios` (
  `id` int(11) NOT NULL,
  `nome` varchar(255) NOT NULL,
  `email` varchar(255) NOT NULL,
  `senha` varchar(255) NOT NULL,
  `cargos_id` int(11) NOT NULL,
  `acessos_id` int(11) NOT NULL
) ENGINE=InnoDB DEFAULT CHARSET=utf8;

--
-- Extraindo dados da tabela `usuarios`
--

INSERT INTO `usuarios` (`id`, `nome`, `email`, `senha`, `cargos_id`, `acessos_id`) VALUES
(4, 'admin', 'admin@eneylton.com', '$2y$10$mZ.QuTVOWHefiG58kSk2K.BW3VDnDFu/l1fhYaBmRhQ5eJTJImThm', 1, 1),
(7, 'Eneylton Barros', 'eneylton@hotmail.com', '$2y$10$JZR7X2ZpplGhF4dtchAhJedF/Y0/4ynAOd8VBlR4ehJfLOKHX4mLG', 1, 2),
(13, 'ene', 'enex@gmail.com.br', '202cb962ac59075b964b07152d234b70', 1, 3);

-- --------------------------------------------------------

--
-- Estrutura da tabela `vendas`
--

CREATE TABLE `vendas` (
  `id` int(11) NOT NULL,
  `data` timestamp NULL DEFAULT current_timestamp(),
  `codigo` int(11) DEFAULT NULL,
  `recebido` decimal(10,2) DEFAULT NULL,
  `troco` decimal(10,2) DEFAULT NULL,
  `usuarios_id` int(11) NOT NULL,
  `clientes_id` int(11) NOT NULL,
  `forma_pagamento_id` int(11) NOT NULL,
  `tipo_id` int(11) NOT NULL,
  `mov_cat_id` int(11) NOT NULL
) ENGINE=InnoDB DEFAULT CHARSET=utf8mb4;

--
-- Extraindo dados da tabela `vendas`
--

INSERT INTO `vendas` (`id`, `data`, `codigo`, `recebido`, `troco`, `usuarios_id`, `clientes_id`, `forma_pagamento_id`, `tipo_id`, `mov_cat_id`) VALUES
(89, '2021-10-11 00:55:06', 476614, '40.00', '4.53', 4, 16, 2, 1, 1),
(90, '2021-10-11 00:56:22', 105084, '10.00', '0.55', 4, 15, 2, 1, 1),
(91, '2021-10-11 01:03:09', 420211, '67.00', '0.55', 4, 15, 2, 1, 1),
(92, '2021-10-11 01:05:20', 135827, '81.00', '0.00', 4, 16, 5, 1, 1);

--
-- Índices para tabelas despejadas
--

--
-- Índices para tabela `acessos`
--
ALTER TABLE `acessos`
  ADD PRIMARY KEY (`id`);

--
-- Índices para tabela `cargos`
--
ALTER TABLE `cargos`
  ADD PRIMARY KEY (`id`);

--
-- Índices para tabela `categorias`
--
ALTER TABLE `categorias`
  ADD PRIMARY KEY (`id`),
  ADD UNIQUE KEY `nome` (`nome`);

--
-- Índices para tabela `clientes`
--
ALTER TABLE `clientes`
  ADD PRIMARY KEY (`id`);

--
-- Índices para tabela `forma_pagamento`
--
ALTER TABLE `forma_pagamento`
  ADD PRIMARY KEY (`id`);

--
-- Índices para tabela `mov_cat`
--
ALTER TABLE `mov_cat`
  ADD PRIMARY KEY (`id`);

--
-- Índices para tabela `produtos`
--
ALTER TABLE `produtos`
  ADD PRIMARY KEY (`id`),
  ADD KEY `fk_produtos_categorias1_idx` (`categorias_id`),
  ADD KEY `fk_produtos_usuarios1_idx` (`usuarios_id`);

--
-- Índices para tabela `tipo`
--
ALTER TABLE `tipo`
  ADD PRIMARY KEY (`id`);

--
-- Índices para tabela `usuarios`
--
ALTER TABLE `usuarios`
  ADD PRIMARY KEY (`id`),
  ADD UNIQUE KEY `email` (`email`),
  ADD KEY `fk_usuarios_cargos_idx` (`cargos_id`),
  ADD KEY `fk_usuarios_acessos1_idx` (`acessos_id`);

--
-- Índices para tabela `vendas`
--
ALTER TABLE `vendas`
  ADD PRIMARY KEY (`id`),
  ADD KEY `fk_vendas_usuarios1_idx` (`usuarios_id`),
  ADD KEY `fk_vendas_clientes1_idx` (`clientes_id`),
  ADD KEY `fk_vendas_forma_pagamento1_idx` (`forma_pagamento_id`),
  ADD KEY `fk_vendas_tipo1_idx` (`tipo_id`),
  ADD KEY `fk_vendas_mov_cat1_idx` (`mov_cat_id`);

--
-- AUTO_INCREMENT de tabelas despejadas
--

--
-- AUTO_INCREMENT de tabela `acessos`
--
ALTER TABLE `acessos`
  MODIFY `id` int(11) NOT NULL AUTO_INCREMENT, AUTO_INCREMENT=5;

--
-- AUTO_INCREMENT de tabela `cargos`
--
ALTER TABLE `cargos`
  MODIFY `id` int(11) NOT NULL AUTO_INCREMENT, AUTO_INCREMENT=11;

--
-- AUTO_INCREMENT de tabela `categorias`
--
ALTER TABLE `categorias`
  MODIFY `id` int(11) NOT NULL AUTO_INCREMENT, AUTO_INCREMENT=56;

--
-- AUTO_INCREMENT de tabela `clientes`
--
ALTER TABLE `clientes`
  MODIFY `id` int(11) NOT NULL AUTO_INCREMENT, AUTO_INCREMENT=17;

--
-- AUTO_INCREMENT de tabela `forma_pagamento`
--
ALTER TABLE `forma_pagamento`
  MODIFY `id` int(11) NOT NULL AUTO_INCREMENT, AUTO_INCREMENT=6;

--
-- AUTO_INCREMENT de tabela `mov_cat`
--
ALTER TABLE `mov_cat`
  MODIFY `id` int(11) NOT NULL AUTO_INCREMENT, AUTO_INCREMENT=4;

--
-- AUTO_INCREMENT de tabela `produtos`
--
ALTER TABLE `produtos`
  MODIFY `id` int(10) NOT NULL AUTO_INCREMENT, AUTO_INCREMENT=15;

--
-- AUTO_INCREMENT de tabela `tipo`
--
ALTER TABLE `tipo`
  MODIFY `id` int(11) NOT NULL AUTO_INCREMENT, AUTO_INCREMENT=3;

--
-- AUTO_INCREMENT de tabela `usuarios`
--
ALTER TABLE `usuarios`
  MODIFY `id` int(11) NOT NULL AUTO_INCREMENT, AUTO_INCREMENT=22;

--
-- AUTO_INCREMENT de tabela `vendas`
--
ALTER TABLE `vendas`
  MODIFY `id` int(11) NOT NULL AUTO_INCREMENT, AUTO_INCREMENT=93;

--
-- Restrições para despejos de tabelas
--

--
-- Limitadores para a tabela `produtos`
--
ALTER TABLE `produtos`
  ADD CONSTRAINT `fk_produtos_categorias1` FOREIGN KEY (`categorias_id`) REFERENCES `categorias` (`id`) ON DELETE NO ACTION ON UPDATE NO ACTION,
  ADD CONSTRAINT `fk_produtos_usuarios1` FOREIGN KEY (`usuarios_id`) REFERENCES `usuarios` (`id`) ON DELETE NO ACTION ON UPDATE NO ACTION;

--
-- Limitadores para a tabela `usuarios`
--
ALTER TABLE `usuarios`
  ADD CONSTRAINT `fk_usuarios_acessos1` FOREIGN KEY (`acessos_id`) REFERENCES `acessos` (`id`) ON DELETE NO ACTION ON UPDATE NO ACTION,
  ADD CONSTRAINT `fk_usuarios_cargos` FOREIGN KEY (`cargos_id`) REFERENCES `cargos` (`id`) ON DELETE NO ACTION ON UPDATE NO ACTION;

--
-- Limitadores para a tabela `vendas`
--
ALTER TABLE `vendas`
  ADD CONSTRAINT `fk_vendas_clientes1` FOREIGN KEY (`clientes_id`) REFERENCES `clientes` (`id`) ON DELETE NO ACTION ON UPDATE NO ACTION,
  ADD CONSTRAINT `fk_vendas_forma_pagamento1` FOREIGN KEY (`forma_pagamento_id`) REFERENCES `forma_pagamento` (`id`) ON DELETE NO ACTION ON UPDATE NO ACTION,
  ADD CONSTRAINT `fk_vendas_mov_cat1` FOREIGN KEY (`mov_cat_id`) REFERENCES `mov_cat` (`id`) ON DELETE NO ACTION ON UPDATE NO ACTION,
  ADD CONSTRAINT `fk_vendas_tipo1` FOREIGN KEY (`tipo_id`) REFERENCES `tipo` (`id`) ON DELETE NO ACTION ON UPDATE NO ACTION,
  ADD CONSTRAINT `fk_vendas_usuarios1` FOREIGN KEY (`usuarios_id`) REFERENCES `usuarios` (`id`) ON DELETE NO ACTION ON UPDATE NO ACTION;
COMMIT;

/*!40101 SET CHARACTER_SET_CLIENT=@OLD_CHARACTER_SET_CLIENT */;
/*!40101 SET CHARACTER_SET_RESULTS=@OLD_CHARACTER_SET_RESULTS */;
/*!40101 SET COLLATION_CONNECTION=@OLD_COLLATION_CONNECTION */;
